{"popup_location":"top_left","achievements_bl":false,"show_hud_in_debug_bl":true,"friends_menu_disable_bl":true,"friends_menu_left_bl":false,"friend_online_status_bl":false,"hideNewBubbles_bl":true,"renderClothCloaks_bl":false,"render_cosmetic_particles_bl":false,"shoes_bl":false,"backpack_bl":false,"dragon_wings_bl":false,"pet_bl":false,"glasses_bl":false,"bandanna_bl":false,"mask_bl":false,"belts_bl":false,"neckwear_bl":false,"bodywear_bl":false,"hat_bl":false,"cloak_bl":false,"show_hat_above_helmet_bl":false,"show_over_chestplate_bl":false,"show_over_leggings_bl":false,"show_over_boots_bl":false,"scale_hat_with_skinlayer_bl":false,"render_emotes_bl":false,"render_emote_particles_bl":false,"minimal_viewbobbing_bl":true,"modernKeybindHandling_bl":true,"trans_res_pack_menu_bg_bl":true,"red_string_bl":true,"fire_height_nr":"0.34","background_clr_nr":{"value":0},"mainMenuMuted":false}